,0
0,Babs_05
1,franhale
2,eartle
3,massdosage
4,Knapster01
5,jonocole
6,isaac
7,lobsterclaw
8,jajo
9,mremond
10,Rainyviolet
11,JayBoyH
12,eyespyhifi
13,nrth
14,skmangal
15,neyoni
16,LAST.HQ
17,snyde1
18,DIL23
19,TheMannen
20,rossmillican
21,marcelomfortes
22,bhavnit
23,tburny
24,protemaziclon
25,aristotle137
26,dambrain
27,JesusLynch
28,youflatron
29,theollidude
30,olivialasky
31,nichaoia
32,aCiD2
33,emlyncorrin
34,endlesscitylight
35,spacedentist-tv
36,pjcreed
37,kingraam
38,benleavett
39,alschuma
40,sven
41,caitlin
42,monkeyhacker
43,Maddieman
44,Pbad
45,magemu
46,jefferyd
47,darkspark88
48,Irina4778
49,ielia79
50,mokele
51,macsmax
52,rkapurple
53,MightyJay
54,tdhooper
55,dmj30
56,sjransome
57,siprior85
58,nedrichards
59,acreature
60,antb33
61,owenparry
62,david
63,katedavis
64,andyturton78
65,RUPERT
66,count-bassy
67,KirstyNorman
68,basirk
69,simoncox
70,dirtyblonde
71,p_wheel
72,fireful
73,RJ
74,dunc-uk
75,sophiesocks
76,Waters_M
77,chavala_vergas
78,eivissa05
79,Coldsheena
80,satisfiedmind74
81,rekacukI
82,mDante
83,Harborstar
84,heming11
85,lieslree
86,thefentiger
87,GaryExo
88,Greenness_
89,whysolina
90,tund12a
91,Adesome
92,XKiwi
93,LucasLinoMota
94,miranta8
95,newloafer
96,meshellr
97,czachos
98,vikingmuffin
99,towardsecstasy
100,naparism
101,Ocean_Quiet
102,momospende
103,Enieczka
104,JunkMark
105,jan1206
106,Laurie2907
107,Chip-Chip
108,badnaughtyzoot
109,RalfSantana666
110,ffelipebatista
111,ThisIsABadWorld
112,SB72
113,Butcher225
114,PubParisPorn
115,cbsibreakout
116,purpleswag69
117,alienbillz2510
118,ImBertinho
119,waddaah
120,ebotunes
121,existal
122,hvk
123,okspud1
124,Carlosnayarita
125,Hexoctahedron
126,YingjieHuang
127,santichrist
128,earsonly2012
129,oooon
130,bander_az
131,magicalsenses
132,yagaminatan
133,c0rdell
134,spacefish
135,CrNorthey
136,theneonfever
137,Bloopy
138,nova77LF
139,hjbardenhagen
140,foreverautumn
141,shiki-jitsu
142,GabrielPomerand
143,nickihunter64
144,Vilddjur1
145,madrfadr
146,twelvepointnine
147,GhostDustMusic
148,sukyaneer
149,alextronic
150,Getnylle
151,bossuyt
152,bengt_bangt
153,parnuder
154,Naijca
155,DFA1979
156,GustavHedlund
157,Agravenlife
158,fom_tord
159,jammus
160,y0b1tch
161,bencork
162,wilbo91
163,ckynanwilson
164,AdrianoThrasher
165,TheSoldierT
166,NaoFuiEu
167,Dis-Punx
168,Gabrielligor
169,xJow
170,thyPPKERU
171,mnosgada
172,LucasSFreitas
173,gwanke41
174,krazykunal
175,fanva
176,TommyT85
177,miadellocca
178,cosmokatze
179,FinnfinnLP
180,BlueEgoBox
181,phuedx
182,mcored
183,nur_giggi
184,Robbi5
185,Mano1805
186,taralaon
187,Katarzyna9090
188,bolexdementia
189,Serdelkaa
190,leneheart
191,delaydream
192,sellymecknite
193,turnupthenight
194,montreux07
195,Incomprensione
196,dasistdasende
197,SirNeilGlen
198,ssk2
199,colins
